ruu,link,text,user,date,is-retweet,is-pinned,external-link,replying-to,quoted-post,stats,pictures,videos,gifs
RUU Konservasi,https://twitter.com/tvr_parlemen/status/1833710211909222473#m,"TVR 120 - Komisi IV DPR RI : Setujui RUU KSDAHE Dibawa Ke Paripurna  Komisi IV DPR RI, komite II DPD RI serta pemerintah menyepakati, naskah RUU konservasi sumber daya alam hayati dan ekosistem atau ksdahe.  #TVRParlemen #breakingnews #DPRRI #tvr120 https://piped.video/T1kLOq9Skmk","{'name': 'tvr.parlemen', 'username': '@tvr_parlemen', 'profile_id': '1510866232035053571', 'avatar': 'https://pbs.twimg.com/profile_images/1510866232035053571/rvU0Q4lG_bigger.jpg'}","Sep 11, 2024 ¬∑ 3:32 AM UTC",False,False,,[],{},"{'comments': 0, 'retweets': 0, 'quotes': 0, 'likes': 1}",[],[],[]
RUU Konservasi,https://twitter.com/tvr_parlemen/status/1833382507867525564#m,"TVR 120- Komisi IV DPR RI : Setujui RUU KSDAHE Dibawa Ke Paripurna  Komisi IV DPR RI, komite II DPD RI serta pemerintah menyepakati, naskah RUU konservasi sumber daya alam hayati&ekosistem atau ksdahe, dibawa ke pembahasan di tingkat II #TVRParlemen #DPRRI https://piped.video/T1kLOq9Skmk","{'name': 'tvr.parlemen', 'username': '@tvr_parlemen', 'profile_id': '1510866232035053571', 'avatar': 'https://pbs.twimg.com/profile_images/1510866232035053571/rvU0Q4lG_bigger.jpg'}","Sep 10, 2024 ¬∑ 5:50 AM UTC",False,False,,[],{},"{'comments': 0, 'retweets': 0, 'quotes': 0, 'likes': 1}",[],[],[]
RUU Konservasi,https://twitter.com/Indorelawan/status/1828403101231133097#m,Manuver Baleg DPR yang ngebut banget buat mengesahkan UU Pilkada (diproses kurang dari 24 jam) malah menunda pembahasan RUU lain yang gak kalah darurat. Diantaranya RUU Perlindungan Pekerja Rumah Tangga dan revisi RUU Konservasi Sumber Daya Alam Hayati &  Ekosistem.,"{'name': 'Indorelawan', 'username': '@Indorelawan', 'profile_id': '946298749894004742', 'avatar': 'https://pbs.twimg.com/profile_images/946298749894004742/B7yNlL5m_bigger.jpg'}","Aug 27, 2024 ¬∑ 12:04 PM UTC",False,False,,[],{},"{'comments': 1, 'retweets': 0, 'quotes': 0, 'likes': 0}",['https://pbs.twimg.com/media/GV_K7jAbQAA3-CY.jpg'],[],[]
RUU Konservasi,https://twitter.com/amnesty_unair/status/1828019944237539410#m,"‚Äìdalam memenuhi hak-hak masyarakat lokal dan konservasi lingkungan.   RUU KSDAHE membawa daftar panjang permasalahan, dan dianggap malah membuka pintu yang lebar untuk praktik industrialisasi dan neoliberasi lingkungan.","{'name': 'Amnesty Universitas Airlangga', 'username': '@amnesty_unair', 'profile_id': '1830760177043132419', 'avatar': 'https://pbs.twimg.com/profile_images/1830760177043132419/6HsbqMI2_bigger.jpg'}","Aug 26, 2024 ¬∑ 10:41 AM UTC",False,False,,[],{},"{'comments': 1, 'retweets': 0, 'quotes': 0, 'likes': 0}",['https://pbs.twimg.com/media/GV5U87Ca8AAuWwZ.jpg'],[],[]
RUU Konservasi,https://twitter.com/betahita_id/status/1821712775732994067#m,"Sebulan lalu, pada 9 Juli 2024, pemerintah mengesahkan Rancangan Undang-Undang Konservasi Sumber Daya Alam Hayati dan Ekosistemnya (RUU KSDAHE). dlvr.it/TBh9DW","{'name': 'Betahita.id', 'username': '@betahita_id', 'profile_id': '1556931481502883840', 'avatar': 'https://pbs.twimg.com/profile_images/1556931481502883840/UGTxJ9n8_bigger.jpg'}","Aug 9, 2024 ¬∑ 12:59 AM UTC",False,False,,[],{},"{'comments': 0, 'retweets': 0, 'quotes': 0, 'likes': 0}",[],[],[]
RUU Konservasi,https://twitter.com/tvr_parlemen/status/1818558894588969191#m,TVR 120- Komisi IV DPR RI: RUU KSDAHE Wujud Dukungan Pelestarian Alam  Komisi empat DPR RI membahas RUU tentang Konservasi  KSDAHE. Khususnya terkait  keberlangsungan Konservasi dan wilayah perairan. #TVRParlemen #livestreaming #breakingnews #DPRRI #tvr120 https://piped.video/gU_71eg2wUA,"{'name': 'tvr.parlemen', 'username': '@tvr_parlemen', 'profile_id': '1510866232035053571', 'avatar': 'https://pbs.twimg.com/profile_images/1510866232035053571/rvU0Q4lG_bigger.jpg'}","Jul 31, 2024 ¬∑ 8:06 AM UTC",False,False,,[],{},"{'comments': 0, 'retweets': 0, 'quotes': 0, 'likes': 1}",[],[],[]
RUU Konservasi,https://twitter.com/Iqbalnyamala/status/1818293408559161680#m,Pada RUU KSDAE masyarakat diakokodasi daam bentuk Daerah Perlindungan Kearifan Lokal dan Area Konservasi Kelola Masyarakat. Tinggal dipantau apakah betul memberikan manfaat bagi masyarakat adat.,"{'name': 'Beternak Kelulut', 'username': '@Iqbalnyamala', 'profile_id': '1504838795933663240', 'avatar': 'https://pbs.twimg.com/profile_images/1504838795933663240/gE5AuvFw_bigger.jpg'}","Jul 30, 2024 ¬∑ 2:31 PM UTC",False,False,,['@A_Komarud'],{},"{'comments': 0, 'retweets': 0, 'quotes': 0, 'likes': 0}",[],[],[]
RUU Konservasi,https://twitter.com/kkpgoid/status/1812830598589030741#m,"#SahabatBahari,9 Juli lalu DPR RI baru saja mengesahkan RUU KSDAHE menjadi Undang-Undang tentang Konservasi Sumber Daya Alam Hayati dan Ekosistemnya (KSDAHE) guna meningkatkan efektivitas pengelolaan kawasan konservasi,termasuk perlindungan terhadap beragam spesies di perairan","{'name': 'KKP RI', 'username': '@kkpgoid', 'profile_id': '1741268782855974912', 'avatar': 'https://pbs.twimg.com/profile_images/1741268782855974912/hWlsTkFS_bigger.jpg'}","Jul 15, 2024 ¬∑ 12:44 PM UTC",False,False,,[],{},"{'comments': 3, 'retweets': 0, 'quotes': 0, 'likes': 4}",['https://pbs.twimg.com/media/GSh30MFa4AEHa-L.jpg'],[],[]
RUU Konservasi,https://twitter.com/hariankompas/status/1811740603358806100#m,Sejumlah aspek penegakan hukum masih terbatas dan dinilai kurang terakomodasi dalam RUU Konservasi. baca.komp.as/T9Vc2R #Humaniora #AdadiKompas,"{'name': 'Harian Kompas', 'username': '@hariankompas', 'profile_id': '1810124683188350976', 'avatar': 'https://pbs.twimg.com/profile_images/1810124683188350976/RS_tUqhb_bigger.jpg'}","Jul 12, 2024 ¬∑ 12:33 PM UTC",False,False,,[],{},"{'comments': 0, 'retweets': 0, 'quotes': 0, 'likes': 0}",[],[],[]
RUU Konservasi,https://twitter.com/KompasKlasika/status/1811740598665380235#m,Sejumlah aspek penegakan hukum masih terbatas dan dinilai kurang terakomodasi dalam RUU Konservasi. baca.komp.as/T9Vc0w #Humaniora #AdadiKompas,"{'name': 'Kompas Klasika', 'username': '@KompasKlasika', 'profile_id': '1810211068792496128', 'avatar': 'https://pbs.twimg.com/profile_images/1810211068792496128/neQmvG5S_bigger.jpg'}","Jul 12, 2024 ¬∑ 12:33 PM UTC",False,False,,[],{},"{'comments': 0, 'retweets': 0, 'quotes': 0, 'likes': 0}",[],[],[]
RUU Konservasi,https://twitter.com/KompasData/status/1811740598069755906#m,Sejumlah aspek penegakan hukum masih terbatas dan dinilai kurang terakomodasi dalam RUU Konservasi. baca.komp.as/T9Vc0c #Humaniora #AdadiKompas,"{'name': 'Kompas Data', 'username': '@KompasData', 'profile_id': '779349972571398144', 'avatar': 'https://pbs.twimg.com/profile_images/779349972571398144/-IYrd31Q_bigger.jpg'}","Jul 12, 2024 ¬∑ 12:33 PM UTC",False,False,,[],{},"{'comments': 0, 'retweets': 0, 'quotes': 0, 'likes': 0}",[],[],[]
RUU Konservasi,https://twitter.com/kompasmuda/status/1811740597188985279#m,Sejumlah aspek penegakan hukum masih terbatas dan dinilai kurang terakomodasi dalam RUU Konservasi. baca.komp.as/T9Vc0P #Humaniora #AdadiKompas,"{'name': 'Kompas Muda', 'username': '@kompasmuda', 'profile_id': '1398796570259124225', 'avatar': 'https://pbs.twimg.com/profile_images/1398796570259124225/vSh8nL6Y_bigger.jpg'}","Jul 12, 2024 ¬∑ 12:33 PM UTC",False,False,,[],{},"{'comments': 0, 'retweets': 0, 'quotes': 0, 'likes': 0}",[],[],[]
RUU Konservasi,https://twitter.com/beritaKBR/status/1811740359388725701#m,"Kontingen Indonesia berangkat untuk berlaga di ajang Olimpiade Paris 2024! Kita doakan yang terbaik untuk Indonesia ya Sapieners!  Anyway, RUU Konservasi Sumber Daya Alam Hayati dan Ekosistem (RUU KSDAHE) telah disahkan DPR. RUU yang delapan tahun wara wiri di prolegnas ini tiba-tiba sah meski masih menuai penolakan karena dinilai merugikan rakyat khususnya masyarakat adat. Kami bahas ini bareng Manager Kampanye Hutan dan Kebun @walhinasional Uli Arta Siagian.  Selengkapnya kamu bisa dengerin di  Podcast #FOMOSapiens https://kbrprime.id/podcast/fomo-sapiens/indonesia-ikut-olimpiade-dan-pengesahan-ruu-konservasi-51012 #PodcastIndonesia #OlimpiadeParis2024 #atlet #DiditPrabowo #RUUKSDAHE","{'name': 'KBR', 'username': '@beritaKBR', 'profile_id': '1572505996567916546', 'avatar': 'https://pbs.twimg.com/profile_images/1572505996567916546/q8YX8Xxg_bigger.jpg'}","Jul 12, 2024 ¬∑ 12:32 PM UTC",False,False,,[],{},"{'comments': 1, 'retweets': 0, 'quotes': 0, 'likes': 1}",['https://pbs.twimg.com/media/GSSYQWragAI4c7c.jpg'],[],[]
RUU Konservasi,https://twitter.com/usembassyjkt/status/1811699107884568734#m,Selamat kepada Pemerintah Indonesia atas disahkannya revisi Undang-Undang No 5 thn 1990 tentang Konservasi Sumber Daya Alam Hayati dan Ekosistem (RUU KSDAHE) menjadi undang-undang! üåø  Pencapaian signifikan ini menandai langkah maju yang besar dalam melindungi keanekaragaman hayati Indonesia dan mendorong pembangunan berkelanjutan. AS siap mendukung Indonesia dalam upaya konservasinya dan berharap dapat melanjutkan kolaborasi dalam melestarikan planet kita untuk generasi mendatang.üåè   #ASRIselaluüå± #IndonesiaUSA75üáÆüá©üá∫üá∏  @KemenLHK @kkpgoid @DPR_RI,"{'name': 'usembassyjkt', 'username': '@usembassyjkt', 'profile_id': '1554726358541930497', 'avatar': 'https://pbs.twimg.com/profile_images/1554726358541930497/EEUAPLNW_bigger.jpg'}","Jul 12, 2024 ¬∑ 9:48 AM UTC",False,False,,[],{},"{'comments': 3, 'retweets': 1, 'quotes': 1, 'likes': 9}",[],[],[]
RUU Konservasi,https://twitter.com/inang_hasiholan/status/1811669272621646117#m,Legislator Partai Gerindra ini juga menambahkan bahwa RUU KSDAHE juga mengatur kejelasan kewenangan konservasi sumber daya alam hayati dan ekosistemnya.,"{'name': 'Inang Hasiholan', 'username': '@inang_hasiholan', 'profile_id': '820829543095103489', 'avatar': 'https://pbs.twimg.com/profile_images/820829543095103489/OX3Jx0Jy_bigger.jpg'}","Jul 12, 2024 ¬∑ 7:49 AM UTC",False,False,,[],{},"{'comments': 1, 'retweets': 0, 'quotes': 0, 'likes': 0}",[],[],[]
RUU Konservasi,https://twitter.com/inang_hasiholan/status/1811669264287564096#m,"Tentang Konservasi Sumber Daya Alam Hayati dan Ekosistemnya (RUU KSDAHE) pada, Selasa (9/7/2024).","{'name': 'Inang Hasiholan', 'username': '@inang_hasiholan', 'profile_id': '820829543095103489', 'avatar': 'https://pbs.twimg.com/profile_images/820829543095103489/OX3Jx0Jy_bigger.jpg'}","Jul 12, 2024 ¬∑ 7:49 AM UTC",False,False,,[],{},"{'comments': 1, 'retweets': 0, 'quotes': 0, 'likes': 0}",[],[],[]
RUU Konservasi,https://twitter.com/inang_hasiholan/status/1811669260361695743#m,Dengan mengatakan RUU KSDAHE akan memperkuat konservasi sumber daya alam hayati dan keseimbangan ekosistem.,"{'name': 'Inang Hasiholan', 'username': '@inang_hasiholan', 'profile_id': '820829543095103489', 'avatar': 'https://pbs.twimg.com/profile_images/820829543095103489/OX3Jx0Jy_bigger.jpg'}","Jul 12, 2024 ¬∑ 7:49 AM UTC",False,False,,[],{},"{'comments': 1, 'retweets': 0, 'quotes': 0, 'likes': 0}",[],[],[]
RUU Konservasi,https://twitter.com/Rizwariryb/status/1811668457022468200#m,Legislator Partai Gerindra ini juga menambahkan bahwa RUU KSDAHE juga mengatur kejelasan kewenangan konservasi sumber daya alam hayati dan ekosistemnya.,"{'name': 'Riz', 'username': '@Rizwariryb', 'profile_id': '703873418794508288', 'avatar': 'https://pbs.twimg.com/profile_images/703873418794508288/eHe6_mRQ_bigger.jpg'}","Jul 12, 2024 ¬∑ 7:46 AM UTC",False,False,,[],{},"{'comments': 1, 'retweets': 0, 'quotes': 0, 'likes': 0}",[],[],[]
RUU Konservasi,https://twitter.com/Rizwariryb/status/1811668448386384086#m,"Tentang Konservasi Sumber Daya Alam Hayati dan Ekosistemnya (RUU KSDAHE) pada, Selasa (9/7/2024).","{'name': 'Riz', 'username': '@Rizwariryb', 'profile_id': '703873418794508288', 'avatar': 'https://pbs.twimg.com/profile_images/703873418794508288/eHe6_mRQ_bigger.jpg'}","Jul 12, 2024 ¬∑ 7:46 AM UTC",False,False,,[],{},"{'comments': 1, 'retweets': 0, 'quotes': 0, 'likes': 0}",[],[],[]
RUU Konservasi,https://twitter.com/Rizwariryb/status/1811668444284355050#m,Dengan mengatakan RUU KSDAHE akan memperkuat konservasi sumber daya alam hayati dan keseimbangan ekosistem.,"{'name': 'Riz', 'username': '@Rizwariryb', 'profile_id': '703873418794508288', 'avatar': 'https://pbs.twimg.com/profile_images/703873418794508288/eHe6_mRQ_bigger.jpg'}","Jul 12, 2024 ¬∑ 7:46 AM UTC",False,False,,[],{},"{'comments': 1, 'retweets': 0, 'quotes': 0, 'likes': 0}",[],[],[]
RUU Konservasi,https://twitter.com/info_maz_eh/status/1811222880426045734#m,Wakil Ketua Komisi IV DPR RI Budisatrio Djiwandono sekaligus Ketua Panja RUU KSDAHE menjelaskan tentang Revisi dan penguatan dalam perubahan UU No. 5 Tahun 1990.  #Komisi4 #RUUKSDAHE #Konservasi,"{'name': 'Mawar Putih üáÆüá© üîÑ', 'username': '@info_maz_eh', 'profile_id': '1659162004752580612', 'avatar': 'https://pbs.twimg.com/profile_images/1659162004752580612/2H-QVrHZ_bigger.jpg'}","Jul 11, 2024 ¬∑ 2:16 AM UTC",False,False,,[],{},"{'comments': 6, 'retweets': 6, 'quotes': 0, 'likes': 11}",['https://pbs.twimg.com/media/GSKxRzya4AE5w9c.jpg'],[],[]
RUU Konservasi,https://twitter.com/Partai_Gerindra/status/1811189959774118302#m,Budi menambahkan bahwa RUU KSDAHE juga mengatur kejelasan kewenangan konservasi sumber daya alam hayati dan ekosist‚Ä¶ https://nitter.net/i/web/status/1811000979522998381,"{'name': 'Tweets Gerindra', 'username': '@Partai_Gerindra', 'profile_id': '1703577730', 'avatar': 'https://pbs.twimg.com/profile_images/1703577730/gerindra_2_bigger.jpg'}","Jul 11, 2024 ¬∑ 12:05 AM UTC",False,False,,[],{},"{'comments': 0, 'retweets': 0, 'quotes': 0, 'likes': 0}",[],[],[]
RUU Konservasi,https://twitter.com/yayasanepistema/status/1811025832175190258#m,Masyarakat Adat Makin Kuat|RUU Konservasi Sumber Daya Alam Disahkan|https://rm.id/baca-berita/parlemen/227240/ruu-konservasi-sumber-daya-alam-disahkan-masyarakat-adat-makin-kuat,"{'name': 'Epistema Institute', 'username': '@yayasanepistema', 'profile_id': '1342656437609066502', 'avatar': 'https://pbs.twimg.com/profile_images/1342656437609066502/zGQ8aAds_bigger.jpg'}","Jul 10, 2024 ¬∑ 1:13 PM UTC",False,False,,[],{},"{'comments': 0, 'retweets': 0, 'quotes': 0, 'likes': 0}",[],[],[]
RUU Konservasi,https://twitter.com/dekade_08/status/1811011200077156590#m,"Pada tanggal 9 Juli 2024, DPR RI mengesahkan RUU KSDAHE, menggantikan Undang-Undang Nomor 5 Tahun 1990 tentang Konservasi Sumber Daya Alam Hayati dan Ekosistemnya. Langkah ini penting dalam melindungi kekayaan alam Indonesia yang kaya namun rentan.","{'name': 'DEKADE 08', 'username': '@dekade_08', 'profile_id': '1770860370250366977', 'avatar': 'https://pbs.twimg.com/profile_images/1770860370250366977/vTDAnrpF_bigger.jpg'}","Jul 10, 2024 ¬∑ 12:14 PM UTC",False,False,,[],{},"{'comments': 0, 'retweets': 6, 'quotes': 0, 'likes': 18}",[],['https://video.twimg.com/ext_tw_video/1811011069089042438/pu/pl/0v3J6oFEJwaRBkt4.m3u8?tag=12'],[]
RUU Konservasi,https://twitter.com/Partai_Gerindra/status/1811008754042749334#m,Budi menambahkan bahwa RUU KSDAHE juga mengatur kejelasan kewenangan konservasi sumber daya alam hayati dan ekosist‚Ä¶ https://nitter.net/i/web/status/1811000979522998381,"{'name': 'Tweets Gerindra', 'username': '@Partai_Gerindra', 'profile_id': '1703577730', 'avatar': 'https://pbs.twimg.com/profile_images/1703577730/gerindra_2_bigger.jpg'}","Jul 10, 2024 ¬∑ 12:05 PM UTC",False,False,,[],{},"{'comments': 0, 'retweets': 0, 'quotes': 0, 'likes': 0}",[],[],[]
RUU Konservasi,https://twitter.com/Gerindra/status/1811000979522998381#m,"Budi menambahkan bahwa RUU KSDAHE juga mengatur kejelasan kewenangan konservasi sumber daya alam hayati dan ekosistemnya. Dengan adanya pembagian kewenangan, tidak ada lagi tumpang tindih dalam kerja.","{'name': 'Partai Gerindra', 'username': '@Gerindra', 'profile_id': '1757378350430261248', 'avatar': 'https://pbs.twimg.com/profile_images/1757378350430261248/bq6Y9WAU_bigger.jpg'}","Jul 10, 2024 ¬∑ 11:34 AM UTC",False,False,,[],{},"{'comments': 1, 'retweets': 0, 'quotes': 0, 'likes': 3}",[],[],[]
RUU Konservasi,https://twitter.com/Gerindra/status/1811000974405947610#m,"Wakil Ketua Komisi IV DPR RI, Budisatrio Djiwandono, saat membacakan laporan Komisi IV mengatakan, RUU KSDAHE akan memperkuat konservasi sumber daya alam hayati dan keseimbangan ekosietem.","{'name': 'Partai Gerindra', 'username': '@Gerindra', 'profile_id': '1757378350430261248', 'avatar': 'https://pbs.twimg.com/profile_images/1757378350430261248/bq6Y9WAU_bigger.jpg'}","Jul 10, 2024 ¬∑ 11:34 AM UTC",False,False,,[],{},"{'comments': 1, 'retweets': 0, 'quotes': 0, 'likes': 1}",[],[],[]
RUU Konservasi,https://twitter.com/Gerindra/status/1811000971914579998#m,"Dewan Perwakilan Rakyat Republik Indonesia (DPR RI) mengesahkan Rancangan Undang-undang tentang Perubahan atas Undang-undang Nomor 5 Tahun 1990 tentang Konservasi Sumber Daya Alam Hayati dan Ekosistemnya (RUU KSDAHE), Selasa (9/7/2024). Pengesahan diputuskan dalam rapat paripurna ke-21 DPR RI¬†Masa Persidangan V Tahun Sidang 2023-2024.","{'name': 'Partai Gerindra', 'username': '@Gerindra', 'profile_id': '1757378350430261248', 'avatar': 'https://pbs.twimg.com/profile_images/1757378350430261248/bq6Y9WAU_bigger.jpg'}","Jul 10, 2024 ¬∑ 11:34 AM UTC",False,False,,[],{},"{'comments': 1, 'retweets': 0, 'quotes': 0, 'likes': 1}",[],[],[]
RUU Konservasi,https://twitter.com/dekade_08/status/1810984125433795018#m,"RUU KSDAHE telah resmi disahkan! Dengan ini, konservasi sumber daya alam hayati kita makin kuat.üåøüåè  #KonservasiIndonesia #RUUKSDAHE #LindungiAlam #EkosistemBerkelanjutan #kesejahteraanmasyarakat #budisatriodjiwandono #prabowogibran #Dekade08 #mendingprabowo","{'name': 'DEKADE 08', 'username': '@dekade_08', 'profile_id': '1770860370250366977', 'avatar': 'https://pbs.twimg.com/profile_images/1770860370250366977/vTDAnrpF_bigger.jpg'}","Jul 10, 2024 ¬∑ 10:27 AM UTC",False,False,,[],{},"{'comments': 0, 'retweets': 6, 'quotes': 0, 'likes': 12}","['https://pbs.twimg.com/media/GSHoTdBaAAAhBxz.jpg', 'https://pbs.twimg.com/media/GSHoUyQaEAA8w5K.jpg', 'https://pbs.twimg.com/media/GSHoV9uaUAQPqz_.jpg', 'https://pbs.twimg.com/media/GSHoXLwawAALhYB.jpg']",[],[]
RUU Konservasi,https://twitter.com/gardaanimalia/status/1810964994512814438#m,Legislator setujui RUU Perubahan Undang-Undang Konservasi Sumber Daya Alam Hayati dan Ekosistemnya menjadi Undang-Undang pada Selasa (9/7/2024).   Apa aja sih yang berubah?  Baca selengkapnya pada bit.ly/perubahanundangundang.,"{'name': 'GARDA ANIMALIA', 'username': '@gardaanimalia', 'profile_id': '1171262727219597312', 'avatar': 'https://pbs.twimg.com/profile_images/1171262727219597312/lmzBFJzg_bigger.jpg'}","Jul 10, 2024 ¬∑ 9:11 AM UTC",False,False,,[],{},"{'comments': 0, 'retweets': 2, 'quotes': 2, 'likes': 4}",['https://pbs.twimg.com/media/GSHXD35aUAEtzVc.jpg'],[],[]
RUU Konservasi,https://twitter.com/beritaKBR/status/1810956725161521218#m,"https://kbr.id/berita/nasional/dpr-sahkan-ruu-konservasi-aman-pembahasan-tak-transparan  ""Kami memberikan kritik, karena proses pembahasan RUU KSDAHE (RUU Konservasi Sumber Daya Alam Hayati dan Ekosistemnya) itu tidak sepenuhnya dilakukan secara terbuka, dan ada pelibatan secara pro dan efektif dari masyarakat adat dan juga kelompok masyarakat sipil,"" kata Arman  Arman menyebut pada April 2023 pihaknya sudah memberikan Daftar Inventaris Masalah (DIM) kepada panitia kerja RUU KSDHAE. Namun¬† ¬†tidak satupun usulan dari AMAN yang diterima.  Apa dampak dari RUU Konservasi ini menurut AMAN @RumahAMAN?  #RUUKonservasi #RUUKSDAHE","{'name': 'KBR', 'username': '@beritaKBR', 'profile_id': '1572505996567916546', 'avatar': 'https://pbs.twimg.com/profile_images/1572505996567916546/q8YX8Xxg_bigger.jpg'}","Jul 10, 2024 ¬∑ 8:38 AM UTC",False,False,,[],{},"{'comments': 0, 'retweets': 0, 'quotes': 0, 'likes': 1}",[],[],[]
RUU Konservasi,https://twitter.com/walhinasional/status/1810953877581345103#m,‚ö†Ô∏è Rancangan Undang-Undang Konservasi Sumber Daya Alam Hayati dan Ekosistemnya (RUU KSDAHE) baru saja disahkan kemarin. Sayangnya banyak catatan yang perlu kita waspadai dari undang-undang ini termasuk adanya potensi konflik lahan dengan masyarakat adat dan komunitas lokal,"{'name': 'WALHI', 'username': '@walhinasional', 'profile_id': '1712790703196315648', 'avatar': 'https://pbs.twimg.com/profile_images/1712790703196315648/AjPYlZm4_bigger.jpg'}","Jul 10, 2024 ¬∑ 8:27 AM UTC",False,False,,[],{},"{'comments': 1, 'retweets': 43, 'quotes': 1, 'likes': 112}",[],[],[]
RUU Konservasi,https://twitter.com/beritaKBR/status/1810917900875878871#m,"https://kbr.id/berita/nasional/dpr-sahkan-ruu-konservasi-walhi-sebut-rawan-konflik  Menteri LHK menyebut UU RUU Konservasi memberikan perlindungan terhadap kedaulatan negara, hak berdaulat, keamanan warga negara, juga akses kesejahteraan. Selain itu ia memastikan hal tersebut terlaksana dengan tetap konsisten melakukan perlindungan terhadap sumber daya alam hayati beserta ekosistemnya.  Tapi mengapa menurut @walhinasional, UU tersebut rawan konflik?  Kami bagikan di artikel ini.   #RUUKonservasi #Lingkungan","{'name': 'KBR', 'username': '@beritaKBR', 'profile_id': '1572505996567916546', 'avatar': 'https://pbs.twimg.com/profile_images/1572505996567916546/q8YX8Xxg_bigger.jpg'}","Jul 10, 2024 ¬∑ 6:04 AM UTC",False,False,,[],{},"{'comments': 0, 'retweets': 0, 'quotes': 0, 'likes': 1}",[],[],[]
RUU Konservasi,https://twitter.com/yayasanepistema/status/1810915102394306749#m,DPR Sahkan RUU Konservasi|https://betahita.id/news/detail/10410/dpr-sahkan-ruu-konservasi.html?v=1720529853,"{'name': 'Epistema Institute', 'username': '@yayasanepistema', 'profile_id': '1342656437609066502', 'avatar': 'https://pbs.twimg.com/profile_images/1342656437609066502/zGQ8aAds_bigger.jpg'}","Jul 10, 2024 ¬∑ 5:53 AM UTC",False,False,,[],{},"{'comments': 0, 'retweets': 0, 'quotes': 0, 'likes': 0}",[],[],[]
RUU Konservasi,https://twitter.com/PutunMy/status/1810901089258197458#m,DPR Sahkan RUU Konservasi Sumber Daya Alam Jadi UU @myputun https://nasional.kompas.com/read/2024/07/09/11450811/dpr-sahkan-ruu-konservasi-sumber-daya-alam-jadi-uu?utm_source=Twitter&utm_medium=Referral&utm_campaign=Top_Mobile  Kompascom+ baca berita tanpa iklan: https://kmp.im/plus2 Download aplikasi: https://kmp.im/app2 https://nasional.kompas.com/read/2024/07/09/11450811/dpr-sahkan-ruu-konservasi-sumber-daya-alam-jadi-uu?utm_source=Twitter&utm_medium=Referral&utm_campaign=Top_Mobile,"{'name': 'My Putun', 'username': '@PutunMy', 'profile_id': '1585235442969911296', 'avatar': 'https://pbs.twimg.com/profile_images/1585235442969911296/yzO5OIjc_bigger.jpg'}","Jul 10, 2024 ¬∑ 4:57 AM UTC",False,False,,[],{},"{'comments': 0, 'retweets': 0, 'quotes': 0, 'likes': 0}",[],[],[]
RUU Konservasi,https://twitter.com/tinusflip/status/1810750288455946649#m,Rapat Paripurna DPR ke-21 Masa Sidang V Tahun 2023-2024 secara resmi telah mengesahkan RUU Konservasi Sumber Daya Alam Hayati dan Ekosistemnya (RUU KSDAHE) menjadi UU.  https://www.duitflip.web.id/2024/07/paripurna-dpr-resmi-sahkan-ruu-sumber.html,"{'name': 'Flipnews', 'username': '@tinusflip', 'profile_id': '1752223055236177920', 'avatar': 'https://pbs.twimg.com/profile_images/1752223055236177920/wmi0E_T7_bigger.jpg'}","Jul 9, 2024 ¬∑ 6:58 PM UTC",False,False,,[],{},"{'comments': 0, 'retweets': 0, 'quotes': 0, 'likes': 0}",['https://pbs.twimg.com/media/GSETyF0aUAIMCyF.jpg'],[],[]
RUU Konservasi,https://twitter.com/SitiNurbayaLHK/status/1810670656272675271#m,RUU KSDAHE akan menjadi warisan instrumen hukum nasional untuk menjawab tantangan zaman terkait konservasi dan sumber daya alam.,"{'name': 'Siti Nurbaya Bakar', 'username': '@SitiNurbayaLHK', 'profile_id': '1541232617475174400', 'avatar': 'https://pbs.twimg.com/profile_images/1541232617475174400/3r7XKXvV_bigger.jpg'}","Jul 9, 2024 ¬∑ 1:41 PM UTC",False,False,,[],{},"{'comments': 2, 'retweets': 0, 'quotes': 0, 'likes': 5}",[],[],[]
RUU Konservasi,https://twitter.com/SitiNurbayaLHK/status/1810670652548087837#m,"Mewakili penyampaian pendapat akhir Presiden RI atas pengesahan RUU tersebut, disampaikan bahwa dengan disahkannya RUU ini akan semakin mendukung upaya penguatan aturan dan kebijakan pemerintah dalam konservasi dan perlindungan sumber daya alam hayati dan ekosistem di Indonesia.","{'name': 'Siti Nurbaya Bakar', 'username': '@SitiNurbayaLHK', 'profile_id': '1541232617475174400', 'avatar': 'https://pbs.twimg.com/profile_images/1541232617475174400/3r7XKXvV_bigger.jpg'}","Jul 9, 2024 ¬∑ 1:41 PM UTC",False,False,,[],{},"{'comments': 1, 'retweets': 0, 'quotes': 0, 'likes': 3}",[],[],[]
RUU Konservasi,https://twitter.com/SitiNurbayaLHK/status/1810670649121391063#m,"Alhamdulillah, Revisi Undang-Undang Nomor 5 tahun 1990 tentang Konservasi Sumber Daya Alam Hayati dan Ekosistem (RUU KSDAHE) telah mendapat persetujuan pada Rapat Paripurna DPR RI. Selanjutnya RUU KSDAHE akan diajukan ke Presiden Joko Widodo untuk disahkan menjadi Undang-Undang.","{'name': 'Siti Nurbaya Bakar', 'username': '@SitiNurbayaLHK', 'profile_id': '1541232617475174400', 'avatar': 'https://pbs.twimg.com/profile_images/1541232617475174400/3r7XKXvV_bigger.jpg'}","Jul 9, 2024 ¬∑ 1:41 PM UTC",False,False,,[],{},"{'comments': 1, 'retweets': 3, 'quotes': 1, 'likes': 25}",['https://pbs.twimg.com/media/GSDLWjibsAAm8YW.jpg'],[],[]
RUU Konservasi,https://twitter.com/SitiNurbayaLHK/status/1810670555143790761#m,RUU KSDAHE akan menjadi warisan instrumen hukum nasional untuk menjawab tantangan zaman terkait konservasi dan sumber daya alam.,"{'name': 'Siti Nurbaya Bakar', 'username': '@SitiNurbayaLHK', 'profile_id': '1541232617475174400', 'avatar': 'https://pbs.twimg.com/profile_images/1541232617475174400/3r7XKXvV_bigger.jpg'}","Jul 9, 2024 ¬∑ 1:41 PM UTC",False,False,,[],{},"{'comments': 1, 'retweets': 0, 'quotes': 0, 'likes': 0}",[],[],[]
RUU Konservasi,https://twitter.com/SitiNurbayaLHK/status/1810670551729672654#m,"Mewakili penyampaian pendapat akhir Presiden RI atas pengesahan RUU tersebut, disampaikan bahwa dengan disahkannya RUU ini akan semakin mendukung upaya penguatan aturan dan kebijakan pemerintah dalam konservasi dan perlindungan sumber daya alam hayati dan ekosistem di Indonesia.","{'name': 'Siti Nurbaya Bakar', 'username': '@SitiNurbayaLHK', 'profile_id': '1541232617475174400', 'avatar': 'https://pbs.twimg.com/profile_images/1541232617475174400/3r7XKXvV_bigger.jpg'}","Jul 9, 2024 ¬∑ 1:41 PM UTC",False,False,,[],{},"{'comments': 1, 'retweets': 0, 'quotes': 0, 'likes': 0}",[],[],[]
RUU Konservasi,https://twitter.com/roysalam/status/1810662087670276181#m,"#kabarfiskal #ksdahe Hari ini (9/7), DPR bersama Presiden menetapkan dan mengesahkan RUU Perubahan UU 5/1990 ttg Konservasi Sumber Daya Alam Hayati Dan Ekosistemnya (KSDAHE) menjadi UU. Salah itu isu penting yang diatur dalam UU tsb adalah mengenai Pendanaan KSDAHE di Indonesia.","{'name': '#kabarfiskal', 'username': '@roysalam', 'profile_id': '1665218818271236096', 'avatar': 'https://pbs.twimg.com/profile_images/1665218818271236096/U2xqhdhk_bigger.jpg'}","Jul 9, 2024 ¬∑ 1:07 PM UTC",False,False,,[],{},"{'comments': 1, 'retweets': 1, 'quotes': 0, 'likes': 0}",[],[],[]
RUU Konservasi,https://twitter.com/KementerianLHK/status/1810640446982705596#m,"Dengan disahkannya RUU ini, nantinya semakin mendukung upaya penguatan aturan dan kebijakan pemerintah dalam konservasi dan perlindungan sumber daya alam hayati dan ekosistem di Indonesia.  .","{'name': 'Kementerian LHK', 'username': '@KementerianLHK', 'profile_id': '1423141658825138178', 'avatar': 'https://pbs.twimg.com/profile_images/1423141658825138178/S5Izj58X_bigger.jpg'}","Jul 9, 2024 ¬∑ 11:41 AM UTC",False,False,,[],{},"{'comments': 1, 'retweets': 0, 'quotes': 0, 'likes': 0}","['https://pbs.twimg.com/media/GSCv1dhbgAAsKD3.jpg', 'https://pbs.twimg.com/media/GSCv1cUbAAANHMD.jpg', 'https://pbs.twimg.com/media/GSCv1lWa0AAUVih.jpg']",[],[]
RUU Konservasi,https://twitter.com/KementerianLHK/status/1810640324190249018#m,"Sobat Hijau, Revisi Undang-Undang No 5 tahun 1990 ttg Konservasi Sumber Daya Alam Hayati dan Ekosistem (RUU KSDAHE) telah mendapat persetujuan Paripurna DPR RI, Selasa (9/7) di Jakarta. Selanjutnya #RUUKSDAHE akan diajukan kepada Presiden RI utk pengesahan menjadi Undang-Undang.","{'name': 'Kementerian LHK', 'username': '@KementerianLHK', 'profile_id': '1423141658825138178', 'avatar': 'https://pbs.twimg.com/profile_images/1423141658825138178/S5Izj58X_bigger.jpg'}","Jul 9, 2024 ¬∑ 11:41 AM UTC",False,False,,[],{},"{'comments': 1, 'retweets': 3, 'quotes': 0, 'likes': 0}",['https://pbs.twimg.com/media/GSCvxf8bUAAHgjB.jpg'],[],[]
RUU Konservasi,https://twitter.com/NasionalBerita_/status/1810635989960024330#m,Menteri LHK Serahkan Putusan Pemerintah RUU Tentang Konservasi Sumber Daya Alam Hayati dan Ekosistem  #menteriLHK #putusan #RUUkonservasiSDAHayatidanEkosistem #menterilingkunganhidup #lingkunganhidup #dpr #beritanasional #selasa https://beritanasional.com/detail/75524/menteri-lhk-serahkan-putusan-pemerintah-ruu-tentang-konservasi-sumber-daya-alam-hayati-dan-ekosistem,"{'name': 'Berita Nasional', 'username': '@NasionalBerita_', 'profile_id': '1775730425480318976', 'avatar': 'https://pbs.twimg.com/profile_images/1775730425480318976/ozJ62dC9_bigger.jpg'}","Jul 9, 2024 ¬∑ 11:23 AM UTC",False,False,,[],{},"{'comments': 0, 'retweets': 0, 'quotes': 0, 'likes': 0}",['https://pbs.twimg.com/media/GSCr1WebEAEz5CV.jpg'],[],[]
RUU Konservasi,https://twitter.com/TirtoID/status/1810599922435317927#m,DPR Sahkan RUU Konservasi Sumber Daya Alam Hayati Jadi UU dlvr.it/T9Lv4d,"{'name': 'tirtoid', 'username': '@TirtoID', 'profile_id': '1722202095191994368', 'avatar': 'https://pbs.twimg.com/profile_images/1722202095191994368/4J7avgJh_bigger.jpg'}","Jul 9, 2024 ¬∑ 9:00 AM UTC",False,False,,[],{},"{'comments': 1, 'retweets': 2, 'quotes': 0, 'likes': 5}",[],[],[]
RUU Konservasi,https://twitter.com/gardaanimalia/status/1810568699100995616#m,"Tok! RUU KSDAHE SAH!  Dalam Rapat Pembahasan Tingkat II (9/7/24), DPR dan Pemerintah mengambil keputusan mengesahkan Rancangan Undang-Undang tentang Perubahan Atas Undang-Undang Nomor 5 Tahun 1990 tentang Konservasi Sumber Daya Alam Hayati dan Ekosistemnya menjadi undang-undang.","{'name': 'GARDA ANIMALIA', 'username': '@gardaanimalia', 'profile_id': '1171262727219597312', 'avatar': 'https://pbs.twimg.com/profile_images/1171262727219597312/lmzBFJzg_bigger.jpg'}","Jul 9, 2024 ¬∑ 6:56 AM UTC",False,False,,[],{},"{'comments': 2, 'retweets': 36, 'quotes': 3, 'likes': 65}",['https://pbs.twimg.com/media/GSBuok6bwAAccXh.jpg'],[],[]
RUU Konservasi,https://twitter.com/tempodotco/status/1810567334303838289#m,"RUU Konservasi Sumber Daya Alam Disahkan Hari Ini, Begini Poin Pengaturan Prioritas https://tekno.tempo.co/read/1889262/ruu-konservasi-sumber-daya-alam-disahkan-hari-ini-begini-poin-pengaturan-prioritas?utm_source=Twitter&utm_medium=dlvr.it #TempoTekno","{'name': 'tempo.co', 'username': '@tempodotco', 'profile_id': '1580466468629594112', 'avatar': 'https://pbs.twimg.com/profile_images/1580466468629594112/Q-zcV6aQ_bigger.jpg'}","Jul 9, 2024 ¬∑ 6:51 AM UTC",False,False,,[],{},"{'comments': 1, 'retweets': 0, 'quotes': 0, 'likes': 2}",[],[],[]
RUU Konservasi,https://twitter.com/kompascom/status/1810536381430788274#m,DPR mengesahkan RUU Konservasi Sumber Daya Alam Hayati menjadi Undang-Undang dalam rapat paripurna ke-21 DPR di Gedung Parlemen. dlvr.it/T9LTTb,"{'name': 'Kompas.com', 'username': '@kompascom', 'profile_id': '1577144849437888514', 'avatar': 'https://pbs.twimg.com/profile_images/1577144849437888514/d9x3nKN8_bigger.jpg'}","Jul 9, 2024 ¬∑ 4:48 AM UTC",False,False,,[],{},"{'comments': 0, 'retweets': 0, 'quotes': 0, 'likes': 0}",[],[],[]
RUU Konservasi,https://twitter.com/BernamaTV/status/1810519776483254471#m,"#BuletinBernama: Kelulusan Rang Undang-Undang (RUU) Kecekapan dan Konservasi Tenaga 2023 (EECA) di Dewan Rakyat Jun lepas, penting dalam memacu kecekapan tenaga di Malaysia. #digitalbernamatv #RUU #EECA https://fb.watch/tcqNY9tWdZ/","{'name': 'BERNAMA TV üá≤üáæ', 'username': '@BernamaTV', 'profile_id': '1276131924356956161', 'avatar': 'https://pbs.twimg.com/profile_images/1276131924356956161/OIuHJpjr_bigger.jpg'}","Jul 9, 2024 ¬∑ 3:42 AM UTC",False,False,,[],{},"{'comments': 0, 'retweets': 1, 'quotes': 0, 'likes': 0}",[],[],[]
RUU Konservasi,https://twitter.com/betahita_id/status/1807313768134967343#m,Delapan hal krusial ini diabaikan dalam perumusan RUU Konservasi dlvr.it/T8yfQj,"{'name': 'Betahita.id', 'username': '@betahita_id', 'profile_id': '1556931481502883840', 'avatar': 'https://pbs.twimg.com/profile_images/1556931481502883840/UGTxJ9n8_bigger.jpg'}","Jun 30, 2024 ¬∑ 7:22 AM UTC",False,False,,[],{},"{'comments': 0, 'retweets': 1, 'quotes': 0, 'likes': 1}",[],[],[]
RUU Konservasi,https://twitter.com/ST_Malaysia/status/1806483694053712054#m,"Kami masih diserbu sehingga jam 6.00 petang semalam.   Pelbagai pihak datang untuk mendapatkan input berkaitan perkembangan terkini TBB, membina jaringan dengan pihak kami, mendapatkan input mengenai keselamatan & perlesenan EVCS serta RUU Kecekapan dan Konservasi Tenaga 2023.","{'name': 'Suruhanjaya Tenaga', 'username': '@ST_Malaysia', 'profile_id': '938597108633890817', 'avatar': 'https://pbs.twimg.com/profile_images/938597108633890817/b9sVU6-E_bigger.jpg'}","Jun 28, 2024 ¬∑ 12:24 AM UTC",False,False,,[],{},"{'comments': 1, 'retweets': 0, 'quotes': 0, 'likes': 1}","['https://pbs.twimg.com/media/GRHrV6EaYAAgn0F.jpg', 'https://pbs.twimg.com/media/GRHrV6EbAAAkwyx.jpg']",[],[]
RUU Konservasi,https://twitter.com/utusanborneo/status/1805556093705404499#m,Dewan Rakyat lulus RUU Kecekapan dan Konservasi Tenaga 2023¬†dengan pindaan  https://www.utusanborneo.com.my/2024/06/25/dewan-rakyat-lulus-ruu-kecekapan-dan-konservasi-tenaga-2023-dengan-pindaan,"{'name': 'utusanborneo', 'username': '@utusanborneo', 'profile_id': '426536472594759680', 'avatar': 'https://pbs.twimg.com/profile_images/426536472594759680/xw6fYwoe_bigger.jpeg'}","Jun 25, 2024 ¬∑ 10:58 AM UTC",False,False,,[],{},"{'comments': 0, 'retweets': 0, 'quotes': 0, 'likes': 0}",['https://pbs.twimg.com/media/GQ6fsgJbwAQpD16.jpg'],[],[]
RUU Konservasi,https://twitter.com/suaraindonews_/status/1805552685867061321#m,RUU Konservasi Sumber Daya Alam Hayati dan Ekosistem Dinilai Masih Memiliki Kekurangan: DPR Didesak Lakukan Perbaikan https://suaraindonews.com/ruu-konservasi-sumber-daya-alam-hayati-dan-ekosistem-dinilai-masih-memiliki-kekurangan-dpr-didesak-lakukan-perbaikan/,"{'name': 'suaraindonews.com', 'username': '@suaraindonews_', 'profile_id': '887979652257415169', 'avatar': 'https://pbs.twimg.com/profile_images/887979652257415169/dncqIew5_bigger.jpg'}","Jun 25, 2024 ¬∑ 10:44 AM UTC",False,False,,[],{},"{'comments': 0, 'retweets': 0, 'quotes': 0, 'likes': 0}",['https://pbs.twimg.com/media/GQ6cmVlbAAA5669.jpg'],[],[]
RUU Konservasi,https://twitter.com/bharianmy/status/1805542237956358318#m,"RUU naik had maksimum kebolehinsurans gaji pekerja kepada RM6,000 sebulan diluluskan  #BHnasional Selain Rang Undang-Undang (RUU) Sistem Insurans Pekerjaan (Pindaan) 2024, turut diluluskan adalah RUU Kecekapan dan Konservasi Tenaga 2023  https://www.bharian.com.my/berita/nasional/2024/06/1263244/ruu-naik-had-maksimum-kebolehinsurans-gaji-pekerja-kepada-rm6000","{'name': 'Berita Harian', 'username': '@bharianmy', 'profile_id': '1784632184139284480', 'avatar': 'https://pbs.twimg.com/profile_images/1784632184139284480/4Wtndad-_bigger.jpg'}","Jun 25, 2024 ¬∑ 10:03 AM UTC",False,False,,[],{},"{'comments': 0, 'retweets': 0, 'quotes': 0, 'likes': 3}",[],[],[]
RUU Konservasi,https://twitter.com/RumahAMAN/status/1805219136919978023#m,"Setelah aturan tentang Tapera muncul dan banyak merugikan publik, sekarang akan muncul lagi peraturan baru. RUU Konservasi Sumber Daya Alam Hayati dan Ekosistemnya (RUU KSDAHE) yang kabarnya akan segera disahkan oleh DPR RI pada bulan Juli nanti.   #TolakRUUKSDAHE","{'name': 'Aliansi Masyarakat Adat Nusantara (AMAN)', 'username': '@RumahAMAN', 'profile_id': '1795996139134795776', 'avatar': 'https://pbs.twimg.com/profile_images/1795996139134795776/XqOuEVcb_bigger.jpg'}","Jun 24, 2024 ¬∑ 12:39 PM UTC",False,False,,[],{},"{'comments': 1, 'retweets': 9, 'quotes': 1, 'likes': 22}","['https://pbs.twimg.com/media/GQ1swPiaoAAZqEw.jpg', 'https://pbs.twimg.com/media/GQ1szvXaIAAqWGu.jpg']",[],[]
RUU Konservasi,https://twitter.com/AbdonNababan/status/1805086368982548951#m,"@DediMulyadi71 Kang Dedi, mohon RUU ini tidak disahkan dulu karena belum mengakui dan peran masyarakat adat dalam konservasi.","{'name': 'Abdon Nababan', 'username': '@AbdonNababan', 'profile_id': '1701636123070717952', 'avatar': 'https://pbs.twimg.com/profile_images/1701636123070717952/Bnthq8QJ_bigger.jpg'}","Jun 24, 2024 ¬∑ 3:51 AM UTC",False,False,,[],"{'link': 'https://twitter.com/jaringnusa/status/1804858791529443442#m', 'text': 'Pemerintah dan DPR RI saat ini sedang menggodok RUU Konservasi Sumberdaya Alam Hayati dan Ekosistem (RUU KSDAHE). Namun berdasarkan kajian yang dilakukan oleh WGII, RUU ini belum akui peran penting masyarakat adat.', 'user': {'name': 'Jaring Nusa Kawasan Timur Indonesia', 'username': '@jaringnusa', 'profile_id': '1480737472074059781', 'avatar': 'https://pbs.twimg.com/profile_images/1480737472074059781/Y3c3xuCm_mini.jpg'}, 'date': 'Jun 23, 2024 ¬∑ 12:47 PM UTC', 'pictures': ['https://pbs.twimg.com/media/GQwlfuKbMAAsD-L.jpg', 'https://pbs.twimg.com/media/GQwlfuJbUAAzo-q.jpg'], 'videos': [], 'gifs': []}","{'comments': 0, 'retweets': 0, 'quotes': 0, 'likes': 0}",[],[],[]
RUU Konservasi,https://twitter.com/jaringnusa/status/1804858791529443442#m,"Pemerintah dan DPR RI saat ini sedang menggodok RUU Konservasi Sumberdaya Alam Hayati dan Ekosistem (RUU KSDAHE). Namun berdasarkan kajian yang dilakukan oleh WGII, RUU ini belum akui peran penting masyarakat adat.","{'name': 'Jaring Nusa Kawasan Timur Indonesia', 'username': '@jaringnusa', 'profile_id': '1480737472074059781', 'avatar': 'https://pbs.twimg.com/profile_images/1480737472074059781/Y3c3xuCm_bigger.jpg'}","Jun 23, 2024 ¬∑ 12:47 PM UTC",False,False,,[],{},"{'comments': 1, 'retweets': 0, 'quotes': 1, 'likes': 1}","['https://pbs.twimg.com/media/GQwlfuKbMAAsD-L.jpg', 'https://pbs.twimg.com/media/GQwlfuJbUAAzo-q.jpg']",[],[]
RUU Konservasi,https://twitter.com/derajatcece/status/1804009184712888409#m,RUU KSDAHE dibawa paripurna semoga bisa meningkatkan upaya konservasi SDA RUUKSDAHE #UndangUndang,"{'name': 'cece derajat', 'username': '@derajatcece', 'profile_id': 'default_profile_bigger.png', 'avatar': 'https://pbs.twimg.com/abs.twimg.com/sticky/default_profile_images/default_profile_bigger.png'}","Jun 21, 2024 ¬∑ 4:31 AM UTC",False,False,,['@manusiagabersa1'],{},"{'comments': 0, 'retweets': 0, 'quotes': 0, 'likes': 0}",[],[],[]
RUU Konservasi,https://twitter.com/HukumOnline/status/1803626324973556180#m,Proses pembahasan Rancangan Undang-Undang (RUU) tentang perubahan atas UU Konservasi Sumber Daya Alam Hayati dan Ekosistemnya (RUU KSDAHE) tuntas sudah di tingkat pembicaraan tingkat I.,"{'name': 'HukumOnline', 'username': '@HukumOnline', 'profile_id': '1686196580754554880', 'avatar': 'https://pbs.twimg.com/profile_images/1686196580754554880/GpDXGXFa_bigger.jpg'}","Jun 20, 2024 ¬∑ 3:10 AM UTC",False,False,,[],{},"{'comments': 1, 'retweets': 1, 'quotes': 0, 'likes': 6}",['https://pbs.twimg.com/media/GQetdakaIAE8xUZ.jpg'],[],[]
RUU Konservasi,https://twitter.com/Kimberley_PS08/status/1803625745987805647#m,Buat apa kejang kejang? Dikasih data ya diterima. Tinggal dilihat saja kasus kebakaran lahan / hutan di tanah air..   KLHK pasti punya data dan RUU konservasi sedang dibahas di DPR RI komisi IV,"{'name': 'Kimberley', 'username': '@Kimberley_PS08', 'profile_id': '1836293562125942784', 'avatar': 'https://pbs.twimg.com/profile_images/1836293562125942784/UuTPmkYU_bigger.jpg'}","Jun 20, 2024 ¬∑ 3:07 AM UTC",False,False,,['@Kimberley_PS08'],"{'link': 'https://twitter.com/bilakumatii/status/1803624301775778140#m', 'text': 'Bukan ngurusin, NASA ngasih data yg mereka punya karena mereka yg capable dalam hal itu. Kejang2 kah melihat fakta seterang ini??', 'user': {'name': 'Masyarakat Biasa', 'username': '@bilakumatii', 'profile_id': '1826165414356987904', 'avatar': 'https://pbs.twimg.com/profile_images/1826165414356987904/Gl91lFKZ_mini.jpg'}, 'date': 'Jun 20, 2024 ¬∑ 3:01 AM UTC', 'pictures': [], 'videos': [], 'gifs': []}","{'comments': 0, 'retweets': 0, 'quotes': 0, 'likes': 1}",[],[],[]
RUU Konservasi,https://twitter.com/adit_sett11/status/1803371527091650645#m,"RUU KSDAHE dibawa paripurna, momen penting bagi konservasi SDA #RUUKSDAHE","{'name': 'Adit Setiawan', 'username': '@adit_sett11', 'profile_id': '1686294705175441409', 'avatar': 'https://pbs.twimg.com/profile_images/1686294705175441409/XYfw9wYy_bigger.jpg'}","Jun 19, 2024 ¬∑ 10:17 AM UTC",False,False,,['@OposisiLieur'],{},"{'comments': 0, 'retweets': 0, 'quotes': 0, 'likes': 0}",[],[],[]
RUU Konservasi,https://twitter.com/Verintyaz33/status/1803317878172836077#m,"RUU KSDAHE dibawa paripurna, sinyal positif buat konservasi SDA kita yang lebih baik #RUUKSDAHE","{'name': 'Verin Tyaz', 'username': '@Verintyaz33', 'profile_id': '1742023296424751104', 'avatar': 'https://pbs.twimg.com/profile_images/1742023296424751104/4Mpaa6zw_bigger.jpg'}","Jun 19, 2024 ¬∑ 6:44 AM UTC",False,False,,[],{},"{'comments': 0, 'retweets': 0, 'quotes': 0, 'likes': 0}",[],['https://video.twimg.com/ext_tw_video/1803317665467072512/pu/pl/5QqMXt-2qBnntI0f.m3u8?tag=12'],[]
RUU Konservasi,https://twitter.com/silviapurnama28/status/1803265165468840125#m,RUU KSDAHE dibawa paripurna harapan baru bagi konservasi RUUKSDAHE #KPKRI,"{'name': 'Silvia Purnama', 'username': '@silviapurnama28', 'profile_id': 'default_profile_bigger.png', 'avatar': 'https://pbs.twimg.com/abs.twimg.com/sticky/default_profile_images/default_profile_bigger.png'}","Jun 19, 2024 ¬∑ 3:14 AM UTC",False,False,,['@OposisiLieur'],{},"{'comments': 0, 'retweets': 0, 'quotes': 0, 'likes': 0}",[],[],[]
RUU Konservasi,https://twitter.com/derajatcece/status/1803263399213801690#m,RUU KSDAHE dibawa paripurna semoga bisa meningkatkan upaya konservasi SDA RUUKSDAHE #UndangUndang,"{'name': 'cece derajat', 'username': '@derajatcece', 'profile_id': 'default_profile_bigger.png', 'avatar': 'https://pbs.twimg.com/abs.twimg.com/sticky/default_profile_images/default_profile_bigger.png'}","Jun 19, 2024 ¬∑ 3:07 AM UTC",False,False,,['@OposisiLieur'],{},"{'comments': 0, 'retweets': 0, 'quotes': 0, 'likes': 0}",[],[],[]
RUU Konservasi,https://twitter.com/ismaalyana/status/1803263016500367554#m,RUU KSDAHE dibawa paripurna akan memperkuat upaya konservasi di Indonesia RUUKSDAHE #KPKRI,"{'name': 'Isma Alyana', 'username': '@ismaalyana', 'profile_id': 'default_profile_bigger.png', 'avatar': 'https://pbs.twimg.com/abs.twimg.com/sticky/default_profile_images/default_profile_bigger.png'}","Jun 19, 2024 ¬∑ 3:06 AM UTC",False,False,,['@OposisiLieur'],{},"{'comments': 0, 'retweets': 0, 'quotes': 0, 'likes': 0}",[],[],[]
RUU Konservasi,https://twitter.com/wistia_nahrati1/status/1803259302871965847#m,"RUU KSDAHE dibawa paripurna, upaya nyata bagi konservasi SDA #RUUKSDAHE","{'name': 'Wistia Nahrati', 'username': '@wistia_nahrati1', 'profile_id': '1682231857981816832', 'avatar': 'https://pbs.twimg.com/profile_images/1682231857981816832/XgzqbZl8_bigger.jpg'}","Jun 19, 2024 ¬∑ 2:51 AM UTC",False,False,,['@OposisiLieur'],{},"{'comments': 0, 'retweets': 0, 'quotes': 0, 'likes': 0}",[],[],[]
RUU Konservasi,https://twitter.com/kurnia_galihh/status/1803254790908215558#m,"RUU KSDAHE dibawa paripurna, harapan baru bagi konservasi #RUUKSDAHE","{'name': 'Kurnia Galih', 'username': '@kurnia_galihh', 'profile_id': '1688456099278753792', 'avatar': 'https://pbs.twimg.com/profile_images/1688456099278753792/xrHVAw9R_bigger.jpg'}","Jun 19, 2024 ¬∑ 2:33 AM UTC",False,False,,['@OposisiLieur'],{},"{'comments': 0, 'retweets': 0, 'quotes': 0, 'likes': 0}",[],[],[]
RUU Konservasi,https://twitter.com/nadia_idahass60/status/1803254660482081141#m,"RUU KSDAHE dibawa paripurna, harapan baru bagi konservasi #RUUKSDAHE","{'name': 'Nadia Ida Hassanah', 'username': '@nadia_idahass60', 'profile_id': '1709427439116615680', 'avatar': 'https://pbs.twimg.com/profile_images/1709427439116615680/BpwSkoC9_bigger.jpg'}","Jun 19, 2024 ¬∑ 2:33 AM UTC",False,False,,['@OposisiLieur'],{},"{'comments': 0, 'retweets': 0, 'quotes': 0, 'likes': 0}",[],[],[]
RUU Konservasi,https://twitter.com/OposisiLieur/status/1803226809204646116#m,RUU KSDAHE dibawa paripurna bakal jadi game changer buat konservasi SDA di Indonesia #RUUKSDAHE,"{'name': 'Oposisi Lieur', 'username': '@OposisiLieur', 'profile_id': '1621342264734916609', 'avatar': 'https://pbs.twimg.com/profile_images/1621342264734916609/JxctO3Gc_bigger.jpg'}","Jun 19, 2024 ¬∑ 12:42 AM UTC",False,False,,[],{},"{'comments': 125, 'retweets': 57, 'quotes': 0, 'likes': 117}",[],['https://video.twimg.com/ext_tw_video/1803226454492401664/pu/pl/ETYV5N9KxbCIVBwM.m3u8?tag=12'],[]
RUU Konservasi,https://twitter.com/roysalam/status/1802696326351901073#m,"Dukung Konservasi Alam Lebih Baik, Fraksi PKS Setuju RUU Konservasi SDA Hayati dan Ekosistem https://fraksi.pks.id/2022/06/30/dukung-konservasi-alam-lebih-baik-fraksi-pks-setuju-ruu-konservasi-sda-hayati-dan-ekosistem/","{'name': '#kabarfiskal', 'username': '@roysalam', 'profile_id': '1665218818271236096', 'avatar': 'https://pbs.twimg.com/profile_images/1665218818271236096/U2xqhdhk_bigger.jpg'}","Jun 17, 2024 ¬∑ 1:34 PM UTC",False,False,,[],{},"{'comments': 0, 'retweets': 0, 'quotes': 0, 'likes': 0}",[],[],[]
RUU Konservasi,https://twitter.com/tempodotco/status/1801505130992586875#m,"Pemerintah-DPR Sepakati Naskah RUU Konservasi Sumber Daya Alam Hayati, Ada Penguatan Sanksi https://tekno.tempo.co/read/1879812/pemerintah-dpr-sepakati-naskah-ruu-konservasi-sumber-daya-alam-hayati-ada-penguatan-sanksi?utm_source=Twitter&utm_medium=dlvr.it #TempoTekno","{'name': 'tempo.co', 'username': '@tempodotco', 'profile_id': '1580466468629594112', 'avatar': 'https://pbs.twimg.com/profile_images/1580466468629594112/Q-zcV6aQ_bigger.jpg'}","Jun 14, 2024 ¬∑ 6:41 AM UTC",False,False,,[],{},"{'comments': 0, 'retweets': 0, 'quotes': 0, 'likes': 1}",[],[],[]
RUU Konservasi,https://twitter.com/SitiNurbayaLHK/status/1801269789882810463#m,Kami meyakini RUU Perubahan UU No 5/1990 tentang KSDAHE ini akan menjadi legacy instrumen hukum nasional guna menjawab berbagai perkembangan dan dinamika yang terjadi dalam urusan konservasi dan sumber daya alam.,"{'name': 'Siti Nurbaya Bakar', 'username': '@SitiNurbayaLHK', 'profile_id': '1541232617475174400', 'avatar': 'https://pbs.twimg.com/profile_images/1541232617475174400/3r7XKXvV_bigger.jpg'}","Jun 13, 2024 ¬∑ 3:05 PM UTC",False,False,,[],{},"{'comments': 1, 'retweets': 0, 'quotes': 0, 'likes': 0}",[],[],[]
RUU Konservasi,https://twitter.com/SitiNurbayaLHK/status/1801269669187256782#m,"Raker Komisi IV DPR dengan pemerintah, serta Komite II DPD dalam rangka pengambilan keputusan terhadap RUU tentang perubahan UU Nomor 5/1990 KSDAHE (Konservasi Sumber Daya Alam Hayati dan Ekosistemnya).","{'name': 'Siti Nurbaya Bakar', 'username': '@SitiNurbayaLHK', 'profile_id': '1541232617475174400', 'avatar': 'https://pbs.twimg.com/profile_images/1541232617475174400/3r7XKXvV_bigger.jpg'}","Jun 13, 2024 ¬∑ 3:05 PM UTC",False,False,,[],{},"{'comments': 2, 'retweets': 1, 'quotes': 0, 'likes': 2}","['https://pbs.twimg.com/media/GP9lN5LbIAAQpzN.jpg', 'https://pbs.twimg.com/media/GP9lN46aoAAyQQ4.jpg']",[],[]
RUU Konservasi,https://twitter.com/KATADATAcoid/status/1801236869939884535#m,DPR dan Pemerintah Sepakat Bawa RUU Konservasi Alam ke Paripurna dlvr.it/T8DLB8,"{'name': 'Katadata.co.id', 'username': '@KATADATAcoid', 'profile_id': '1785894762597543937', 'avatar': 'https://pbs.twimg.com/profile_images/1785894762597543937/dMpH7jix_bigger.jpg'}","Jun 13, 2024 ¬∑ 12:55 PM UTC",False,False,,[],{},"{'comments': 0, 'retweets': 1, 'quotes': 0, 'likes': 0}",[],[],[]
RUU Konservasi,https://twitter.com/yayasanepistema/status/1800149162727715240#m,RUU Konservasi Belum Akui Peran Penting Masyarakat Adat|https://betahita.id/news/detail/10313/ruu-konservasi-belum-akui-peran-penting-masyarakat-adat.html?v=1717979194,"{'name': 'Epistema Institute', 'username': '@yayasanepistema', 'profile_id': '1342656437609066502', 'avatar': 'https://pbs.twimg.com/profile_images/1342656437609066502/zGQ8aAds_bigger.jpg'}","Jun 10, 2024 ¬∑ 12:53 PM UTC",False,False,,[],{},"{'comments': 0, 'retweets': 7, 'quotes': 0, 'likes': 5}",[],[],[]
RUU Konservasi,https://twitter.com/yayasanepistema/status/1800056804090540287#m,RUU Konservasi Belum Akui Peran Penting Masyarakat Adat|https://betahita.id/news/detail/10313/ruu-konservasi-belum-akui-peran-penting-masyarakat-adat.html?v=1717994612,"{'name': 'Epistema Institute', 'username': '@yayasanepistema', 'profile_id': '1342656437609066502', 'avatar': 'https://pbs.twimg.com/profile_images/1342656437609066502/zGQ8aAds_bigger.jpg'}","Jun 10, 2024 ¬∑ 6:46 AM UTC",False,False,,[],{},"{'comments': 0, 'retweets': 0, 'quotes': 0, 'likes': 2}",[],[],[]
RUU Konservasi,https://twitter.com/satyabumi/status/1798340366980288703#m,"Kak Eghi dari Satya Bumi membahas pentingnya RUU KSDAHE dalam upaya konservasi, terutama pengkategorian satwa, penegakan hukum individu & korporasi, dan partisipasi masyarakat.","{'name': 'Satya Bumi', 'username': '@satyabumi', 'profile_id': '1735512295470727168', 'avatar': 'https://pbs.twimg.com/profile_images/1735512295470727168/6s68qKS0_bigger.jpg'}","Jun 5, 2024 ¬∑ 1:05 PM UTC",False,False,,[],{},"{'comments': 1, 'retweets': 0, 'quotes': 0, 'likes': 1}",[],[],[]
RUU Konservasi,https://twitter.com/DPDRI/status/1795765519494394035#m,Ikuti rapat tripatriat Komite II Dorong Agar RUU tentang Konservasi Sumber Daya Alam Hayati dan Ekosistemnya (KSDAHE) Dapat Segera Disahkan Sebagai UU.   #dpdri #kabarsenator #RUU #KSDAHE,"{'name': 'Senator Indonesia', 'username': '@DPDRI', 'profile_id': '722381886647959552', 'avatar': 'https://pbs.twimg.com/profile_images/722381886647959552/rmk9WGB0_bigger.jpg'}","May 29, 2024 ¬∑ 10:33 AM UTC",False,False,,[],{},"{'comments': 2, 'retweets': 1, 'quotes': 0, 'likes': 1}",['https://pbs.twimg.com/media/GOvXN-QbwAAmkhm.jpg'],[],[]
RUU Konservasi,https://twitter.com/tempodotco/status/1794980658324164926#m,"Saran Guru Besar UI, Hindari Kriminalisasi Masyarakat Adat di RUU Konservasi https://tekno.tempo.co/read/1872677/saran-guru-besar-ui-hindari-kriminalisasi-masyarakat-adat-di-ruu-konservasi?utm_source=Twitter&utm_medium=dlvr.it #TempoTekno","{'name': 'tempo.co', 'username': '@tempodotco', 'profile_id': '1580466468629594112', 'avatar': 'https://pbs.twimg.com/profile_images/1580466468629594112/Q-zcV6aQ_bigger.jpg'}","May 27, 2024 ¬∑ 6:35 AM UTC",False,False,,[],{},"{'comments': 1, 'retweets': 0, 'quotes': 0, 'likes': 1}",[],[],[]
RUU Konservasi,https://twitter.com/fwindonesia/status/1793287310924292154#m,Panitia Khusus Komisi IV DPR RI mengadakan serangkaian rapat bersama Pemerintah dan DPD RI untuk membahas substansi RUU Konservasi Sumber Daya Alam Hayati dan Ekosistemnya (KSDAHE). Ada 3 poin penting yang disorot oleh temen-temen koalisi masyarakat sipil.,"{'name': 'Forest Watch Indonesia', 'username': '@fwindonesia', 'profile_id': '1352155386149670912', 'avatar': 'https://pbs.twimg.com/profile_images/1352155386149670912/wIlEwPBD_bigger.jpg'}","May 22, 2024 ¬∑ 2:26 PM UTC",False,False,,[],{},"{'comments': 1, 'retweets': 0, 'quotes': 0, 'likes': 0}","['https://pbs.twimg.com/media/GOMJTQBb0AARiFr.jpg', 'https://pbs.twimg.com/media/GOMJTQCaMAAV9LU.jpg']",[],[]
RUU Konservasi,https://twitter.com/satyabumi/status/1793193531219099700#m,"Menurut Laporan investigasi khusus dari Betahita, kawasan konservasi di Ekosistem Batang Toru hanya 6 persen. Sedangkan izin tambang mencapai 17 persen. (Berdasarkan analisis citra satelit yang dilakukan Auriga)  & sekarang kabarnya RUU Penyiaran melarang investigasi jurnalistik?","{'name': 'Satya Bumi', 'username': '@satyabumi', 'profile_id': '1735512295470727168', 'avatar': 'https://pbs.twimg.com/profile_images/1735512295470727168/6s68qKS0_bigger.jpg'}","May 22, 2024 ¬∑ 8:13 AM UTC",False,False,,[],{},"{'comments': 1, 'retweets': 1, 'quotes': 0, 'likes': 0}",['https://pbs.twimg.com/media/GOKjwfFbsAAoODy.jpg'],[],[]
RUU Konservasi,https://twitter.com/_M_Lmb_/status/1792944223320527257#m,"Yuk teman¬≤ baik, kita dukung pengesahan RUU Konservasi Sumber Daya Alam Hayati dan Ekosistemnya (KSDAHE) SEGERA.","{'name': 'em.üêà\u200d‚¨õ‚É¢üêï‚É¢ü¶ú‚É¢üêá‚É¢üê¢‚É¢ü¶¶‚É¢üêê', 'username': '@_M_Lmb_', 'profile_id': '1575995985121402880', 'avatar': 'https://pbs.twimg.com/profile_images/1575995985121402880/w2peWQPH_bigger.jpg'}","May 21, 2024 ¬∑ 3:43 PM UTC",False,False,,['@indiratendi'],"{'link': 'https://twitter.com/indiratendi/status/1792890621407244798#m', 'text': 'Aku mengajak teman-teman untuk mendukung RUU Konservasi Sumber Daya Alam Hayati dan Ekosistemnya (KSDAHE) agar segera disahkan.  UU KSDAHE ini nantinya akan lebih melindungi satwa liar di Indonesia, dari mulai pengawasan habitat sampai penegakan hukum.  https://ppid.menlhk.go.id/berita/siaran-pers/6903/dpr-ri-dan-pemerintah-mulai-bahas-revisi-ruu-ksdahe', 'user': {'name': 'indi', 'username': '@indiratendi', 'profile_id': '1770012520654553088', 'avatar': 'https://pbs.twimg.com/profile_images/1770012520654553088/emTI-9gZ_mini.jpg'}, 'date': 'May 21, 2024 ¬∑ 12:10 PM UTC', 'pictures': [], 'videos': [], 'gifs': []}","{'comments': 0, 'retweets': 0, 'quotes': 0, 'likes': 0}",[],[],[]
RUU Konservasi,https://twitter.com/piyopikavet/status/1792918088704274539#m,"Ini makanya penting buat kita dorong revisi UU no. 5 tahun 1990! Sudah digodog berulangkali di DPR, yang terakhir sudah berupa RUU Konservasi Sumber Daya Alam Hayati dan Ekosistemnya, dan menunggu entah kapan disahkannya...","{'name': 'Panggil aja Purbo', 'username': '@piyopikavet', 'profile_id': '1804690664292315136', 'avatar': 'https://pbs.twimg.com/profile_images/1804690664292315136/vL3UPnkj_bigger.jpg'}","May 21, 2024 ¬∑ 1:59 PM UTC",False,False,,[],{},"{'comments': 1, 'retweets': 1, 'quotes': 0, 'likes': 6}",[],[],[]
RUU Konservasi,https://twitter.com/indiratendi/status/1792890621407244798#m,"Aku mengajak teman-teman untuk mendukung RUU Konservasi Sumber Daya Alam Hayati dan Ekosistemnya (KSDAHE) agar segera disahkan.  UU KSDAHE ini nantinya akan lebih melindungi satwa liar di Indonesia, dari mulai pengawasan habitat sampai penegakan hukum.  https://ppid.menlhk.go.id/berita/siaran-pers/6903/dpr-ri-dan-pemerintah-mulai-bahas-revisi-ruu-ksdahe","{'name': 'indi', 'username': '@indiratendi', 'profile_id': '1770012520654553088', 'avatar': 'https://pbs.twimg.com/profile_images/1770012520654553088/emTI-9gZ_bigger.jpg'}","May 21, 2024 ¬∑ 12:10 PM UTC",False,False,,[],{},"{'comments': 2, 'retweets': 18, 'quotes': 1, 'likes': 29}",[],[],[]
RUU Konservasi,https://twitter.com/RianHS/status/1792425525975396423#m,RUU Konservasi Sumber Daya Alam Hayati dan Ekosistemnya (updated version) ini sudah dibahas sejak tahun 2017.  Sekarang sudah 2024 masih belum jadi juga.  Kalau mau cepet jadi kelihatannya perlu tagar #OmnibusKonservasi #KonservasiBaik,"{'name': 'RianHS', 'username': '@RianHS', 'profile_id': '1714634766388002816', 'avatar': 'https://pbs.twimg.com/profile_images/1714634766388002816/MnhRBfRq_bigger.jpg'}","May 20, 2024 ¬∑ 5:22 AM UTC",False,False,,[],"{'link': 'https://twitter.com/piyopikavet/status/1792420455665848788#m', 'text': 'Yah pegimane mau maju kalo hukum yang dipake buat konservasi alam ini adalah UU buatan tahun 1990, selisih 4 tahun lebih muda dari gw yang udah hampi 38 taun coy.   UU no.5 tahun 1990 udah ga relate ama zaman, banyak loop hole-nya, seharusnya udah direvisi ni UU la yaa', 'user': {'name': 'Panggil aja Purbo', 'username': '@piyopikavet', 'profile_id': '1804690664292315136', 'avatar': 'https://pbs.twimg.com/profile_images/1804690664292315136/vL3UPnkj_mini.jpg'}, 'date': 'May 20, 2024 ¬∑ 5:01 AM UTC', 'pictures': [], 'videos': [], 'gifs': []}","{'comments': 1, 'retweets': 1, 'quotes': 1, 'likes': 3}",[],[],[]
RUU Konservasi,https://twitter.com/jellypastaa/status/1792418061708083413#m,kita bisa mendukung serta mendesak RUU KSDAHE (Konservasi Sumber Daya Alam Hayati dan Ekosistemnya) untuk segera disahkan.  mengingat Indonesia sebagai salah satu negara terkaya biodiversitas. regulasi yang berumur 30 tahun ini harus diubah karena kompleksnya masalah konservasi.,"{'name': 'Asta Ebrahim', 'username': '@jellypastaa', 'profile_id': '1657035314161152000', 'avatar': 'https://pbs.twimg.com/profile_images/1657035314161152000/eCuGJmCl_bigger.jpg'}","May 20, 2024 ¬∑ 4:52 AM UTC",False,False,,[],{},"{'comments': 2, 'retweets': 62, 'quotes': 2, 'likes': 162}",['https://pbs.twimg.com/media/GN_yucLbYAAIGN0.jpg'],[],[]
RUU Konservasi,https://twitter.com/yayasanepistema/status/1791354210724003927#m,Koalisi Masyarakat Sipil Soroti 3 Poin Draft RUU Konservasi|https://betahita.id/news/detail/10238/koalisi-masyarakat-sipil-soroti-3-poin-draft-ruu-konservasi.html?v=1715915986,"{'name': 'Epistema Institute', 'username': '@yayasanepistema', 'profile_id': '1342656437609066502', 'avatar': 'https://pbs.twimg.com/profile_images/1342656437609066502/zGQ8aAds_bigger.jpg'}","May 17, 2024 ¬∑ 6:25 AM UTC",False,False,,[],{},"{'comments': 0, 'retweets': 0, 'quotes': 0, 'likes': 0}",[],[],[]
RUU Konservasi,https://twitter.com/tempodotco/status/1782271759238225986#m,DPR Dorong Sanksi Akumulatif Bagi Kejahatan Lingkungan di RUU Konservasi https://tekno.tempo.co/read/1859216/dpr-dorong-sanksi-akumulatif-bagi-kejahatan-lingkungan-di-ruu-konservasi?utm_source=Twitter&utm_medium=dlvr.it #TempoTekno,"{'name': 'tempo.co', 'username': '@tempodotco', 'profile_id': '1580466468629594112', 'avatar': 'https://pbs.twimg.com/profile_images/1580466468629594112/Q-zcV6aQ_bigger.jpg'}","Apr 22, 2024 ¬∑ 4:54 AM UTC",False,False,,[],{},"{'comments': 0, 'retweets': 0, 'quotes': 0, 'likes': 0}",[],[],[]
RUU Konservasi,https://twitter.com/tempodotco/status/1780562876438114413#m,"Ditarget Rampung Tahun Ini, Begini RUU KSDAHE Beri Ruang Dukungan untuk Konservasi Internasional https://tekno.tempo.co/read/1857601/ditarget-rampung-tahun-ini-begini-ruu-ksdahe-beri-ruang-dukungan-untuk-konservasi-internasional?utm_source=Twitter&utm_medium=dlvr.it #TempoTekno","{'name': 'tempo.co', 'username': '@tempodotco', 'profile_id': '1580466468629594112', 'avatar': 'https://pbs.twimg.com/profile_images/1580466468629594112/Q-zcV6aQ_bigger.jpg'}","Apr 17, 2024 ¬∑ 11:44 AM UTC",False,False,,[],{},"{'comments': 1, 'retweets': 0, 'quotes': 0, 'likes': 0}",[],[],[]
RUU Konservasi,https://twitter.com/ayuhMYmovement/status/1777180664745582900#m,Sdr. @akmalnasir selesai bentangkan RUU Kecekapan dan Konservasi Tenaga 2023 serta diluluskan Dewan Negara.  Kecekapan Tenaga - salah satu dari lima ‚Äòlevers‚Äô untuk jayakan NETR.,"{'name': 'Ayuh Malaysia', 'username': '@ayuhMYmovement', 'profile_id': '1476492714564718596', 'avatar': 'https://pbs.twimg.com/profile_images/1476492714564718596/0ljzSXkw_bigger.png'}","Apr 8, 2024 ¬∑ 3:44 AM UTC",False,False,,[],"{'link': 'https://twitter.com/akmalnasir/status/1776166489898504594#m', 'text': '‚úÖ Jimatkan RM97.1 bilion bil utiliti ‚úÖ Selamatkan 8.24 bilion pokok ‚úÖ Penjimatan tenaga 2,017,000,000 Giga Joule ‚úÖ Kurangkan intensiti gas rumah hijau sebanyak 45% !  RUU Kecekapan dan Konservasi Tenaga 2023 akhirnya lulus !', 'user': {'name': 'Akmal Nasir', 'username': '@akmalnasir', 'profile_id': '1746847003802525696', 'avatar': 'https://pbs.twimg.com/profile_images/1746847003802525696/qsbECfb6_mini.jpg'}, 'date': 'Apr 5, 2024 ¬∑ 8:34 AM UTC', 'pictures': ['https://pbs.twimg.com/media/GKY2AX9bAAA1GyK.jpg'], 'videos': [], 'gifs': []}","{'comments': 0, 'retweets': 4, 'quotes': 0, 'likes': 12}",[],[],[]
RUU Konservasi,https://twitter.com/akmalnasir/status/1776166493463695580#m,"Naik sahaja Kerajaan Perpaduan, agenda peralihan tenaga terus bergerak pantas dengan salah satu usaha pentingnya melalui pengenalan undang-undang baru RUU Kecekapan dan Konservasi Tenaga 2023 yang baru lulus di Dewan Negara semalam.","{'name': 'Akmal Nasir', 'username': '@akmalnasir', 'profile_id': '1746847003802525696', 'avatar': 'https://pbs.twimg.com/profile_images/1746847003802525696/qsbECfb6_bigger.jpg'}","Apr 5, 2024 ¬∑ 8:34 AM UTC",False,False,,[],{},"{'comments': 1, 'retweets': 3, 'quotes': 0, 'likes': 41}",[],[],[]
RUU Konservasi,https://twitter.com/akmalnasir/status/1776166489898504594#m,"‚úÖ Jimatkan RM97.1 bilion bil utiliti ‚úÖ Selamatkan 8.24 bilion pokok ‚úÖ Penjimatan tenaga 2,017,000,000 Giga Joule ‚úÖ Kurangkan intensiti gas rumah hijau sebanyak 45% !  RUU Kecekapan dan Konservasi Tenaga 2023 akhirnya lulus !","{'name': 'Akmal Nasir', 'username': '@akmalnasir', 'profile_id': '1746847003802525696', 'avatar': 'https://pbs.twimg.com/profile_images/1746847003802525696/qsbECfb6_bigger.jpg'}","Apr 5, 2024 ¬∑ 8:34 AM UTC",False,False,,[],{},"{'comments': 28, 'retweets': 308, 'quotes': 12, 'likes': 769}",['https://pbs.twimg.com/media/GKY2AX9bAAA1GyK.jpg'],[],[]
RUU Konservasi,https://twitter.com/501Awani/status/1775872095744033146#m,Persidangan Dewan Negara hari ini meluluskan RUU Kecekapan dan Konservasi Tenaga 2023 dan RUU Bekalan Elektrik (Pindaan) 2023 di bawah Kementerian Peralihan Tenaga dan Transformasi Air (PETRA).  #AWANInews #AWANI745 https://www.astroawani.com/berita-malaysia/dewan-negara-lulus-dua-ruu-di-bawah-petra-hari-ini-465269,"{'name': 'Astro AWANI', 'username': '@501Awani', 'profile_id': '1792428898610974720', 'avatar': 'https://pbs.twimg.com/profile_images/1792428898610974720/teeXseh-_bigger.jpg'}","Apr 4, 2024 ¬∑ 1:04 PM UTC",False,False,,[],{},"{'comments': 1, 'retweets': 1, 'quotes': 0, 'likes': 2}",[],[],[]
RUU Konservasi,https://twitter.com/ST_Malaysia/status/1775830334896316518#m,"4 April 2024 - Dewan Negara telah meluluskan RUU Kecekapan dan Konservasi Tenaga 2023 dan RUU Bekalan Elektrik (Pindaan) 2023 setelah dibentangkan oleh YB Tuan Haji Akmal Nasrullah Bin Mohd Nasir, Timbalan Menteri Peralihan Tenaga Dan Transformasi Air.","{'name': 'Suruhanjaya Tenaga', 'username': '@ST_Malaysia', 'profile_id': '938597108633890817', 'avatar': 'https://pbs.twimg.com/profile_images/938597108633890817/b9sVU6-E_bigger.jpg'}","Apr 4, 2024 ¬∑ 10:18 AM UTC",False,False,,[],{},"{'comments': 0, 'retweets': 0, 'quotes': 0, 'likes': 0}",['https://pbs.twimg.com/media/GKUERfibYAAUNQb.jpg'],[],[]
RUU Konservasi,https://twitter.com/akmalnasir/status/1775786123245346985#m,"‚ùå Buat report polis ‚úÖ Bentang Rang Undang-Undang  Hari terakhir Dewan Negara bersidang, usul terakhir daripada @PETRAMalaysia untuk bentangkan kerangka undang-undang baru RUU Kecekapan dan Konservasi Tenaga 2023.   Komitmen Kerajaan Perpaduan laksana agenda peralihan tenaga ‚ö°Ô∏è","{'name': 'Akmal Nasir', 'username': '@akmalnasir', 'profile_id': '1746847003802525696', 'avatar': 'https://pbs.twimg.com/profile_images/1746847003802525696/qsbECfb6_bigger.jpg'}","Apr 4, 2024 ¬∑ 7:22 AM UTC",False,False,,[],{},"{'comments': 4, 'retweets': 29, 'quotes': 1, 'likes': 168}",['https://pbs.twimg.com/media/GKTcD8raoAADSIe.jpg'],[],[]
RUU Konservasi,https://twitter.com/akmalnasir/status/1775692519109771317#m,"Apa je pembaharuan Kerajaan Perpaduan buat untuk peralihan tenaga ni ?  Antaranya fokus terhadap energy demand - melalui kecekapan penggunaan tenaga.  Hari ini di Dewan Negara, saya akan bentang dan gulung satu kerangka undang-undang baru RUU Kecekapan dan Konservasi Tenaga 2023.","{'name': 'Akmal Nasir', 'username': '@akmalnasir', 'profile_id': '1746847003802525696', 'avatar': 'https://pbs.twimg.com/profile_images/1746847003802525696/qsbECfb6_bigger.jpg'}","Apr 4, 2024 ¬∑ 1:11 AM UTC",False,False,,[],{},"{'comments': 4, 'retweets': 36, 'quotes': 0, 'likes': 124}",['https://pbs.twimg.com/media/GKSG7phaAAAFtIi.jpg'],[],[]
RUU Konservasi,https://twitter.com/PetraJayaMP/status/1775050655255933159#m,"Hari ini, menghadiri sesi Taklimat Rang Undang-Undang (RUU) Kecekapan dan Konservasi Tenaga (EECA) 2023 dan RUU Bekalan Elektrik (Pindaan) 2023 di Bangunan Utama Parlimen.   Terima kasih kepada Senator-Senator Dewan Negara yang hadir mendengar taklimat yang disampaikan Ketua Pegawai Eksekutif Suruhanjaya Tenaga, Dato' Ir. Ts. Abdul Razib Bin Dawood sebelum sesi soal jawab mengenai RUU ini.  Sesi ini bagi menerangkan objektif EECA melibatkan keperluan mewujudkan satu perundangan yang komprehensif untuk memacu inisiatif kecekapan tenaga negara, menguruskan permintaan tenaga secara berkesan, menggalakkan amalan penggunaan tenaga yang cekap dan mampan.  Selain itu, meningkatkan inisiatif kecekapan tenaga dan sektor industri, komersial dan kediaman, mengurangkan intensiti pelepasan GHG sebanyak 45% pada tahun 2030 berbanding tahun 2005 dan menyokong inspirasi negara mencapai sasaran pelepasan karbon sifar seawal tahun 2050.  Hadir sama, Timbalan Menteri Kementerian Peralihan Tenaga dan Transformasi Air (PETRA), YB Akmal Nasrullah Bin Mohd Nasir dan Ketua Setiausaha PETRA, Dato' Haji Mad Zaidi Bin Mohd Karli.   #TPMFY #PETRA #KerajaanPerpaduan #MalaysiaMADANI","{'name': 'Fadillah Yusof üá≤üáæ', 'username': '@PetraJayaMP', 'profile_id': '1472731349467369478', 'avatar': 'https://pbs.twimg.com/profile_images/1472731349467369478/p67oVQT8_bigger.jpg'}","Apr 2, 2024 ¬∑ 6:40 AM UTC",False,False,,[],{},"{'comments': 0, 'retweets': 9, 'quotes': 0, 'likes': 36}","['https://pbs.twimg.com/media/GKI_J1ebMAAsrR3.jpg', 'https://pbs.twimg.com/media/GKI_J3UaYAArXbx.jpg', 'https://pbs.twimg.com/media/GKI_J4CbUAAF8Su.jpg', 'https://pbs.twimg.com/media/GKI_J4Ca8AA5LDk.jpg']",[],[]
RUU Konservasi,https://twitter.com/out_of_thecourt/status/1759573612250767568#m,"RUU KSDHE sih pasti yg doi beresin pertama, konservasi adalah bisnis paling mutakhirrr","{'name': 'sekar with #AllEyesOnPapua üçâ', 'username': '@out_of_thecourt', 'profile_id': '1823306408911421440', 'avatar': 'https://pbs.twimg.com/profile_images/1823306408911421440/-RwUSsua_bigger.jpg'}","Feb 19, 2024 ¬∑ 1:40 PM UTC",False,False,,"['@ustronesian', '@WAPamungkas']",{},"{'comments': 1, 'retweets': 0, 'quotes': 0, 'likes': 0}",[],[],[]
RUU Konservasi,https://twitter.com/Hijaukudotcom/status/1748489899848917229#m,Ada tiga alasan mereka menolak pengesahan RUU KSDAHE dan menuntut agar pemerintah tidak tergesa-gesa mengesahkannya. https://hijauku.com/2024/01/19/masyarakat-sipil-tolak-pengesahan-ruu-ksdahe #Konservasi #SumberDayaAlam #Kehati #Ekosistem,"{'name': 'Hijauku.com', 'username': '@Hijaukudotcom', 'profile_id': '378800000389943164', 'avatar': 'https://pbs.twimg.com/profile_images/378800000389943164/0371e35c3e4685ae82cd88ccc59a7bea_bigger.jpeg'}","Jan 19, 2024 ¬∑ 11:37 PM UTC",False,False,,[],{},"{'comments': 0, 'retweets': 0, 'quotes': 0, 'likes': 0}",[],[],[]
